name,reviews_count,fuelType,engine_displacement,no_cylinder,seats,transmission_type,fuel_tank_capacity,typeId,rating,minPrice,maxPrice,max_torque_nm,max_torque_rpm,max_power_bhp,max_power_rp,imageUrl,brandId,year,country
Aston Martin DBX,5,Diesel,3982,8,5.0,Automatic,85.0,SUV,4.5,424444,424444,700.0,5000,542.0,6500,"https://res.cloudinary.com/unix-center/image/upload/c_limit,dpr_3.0,f_auto,fl_progressive,g_center,h_580,q_75,w_906/wqygm884ezbfaw9v7pjt.jpg",Aston Martin,2024,UK
Aston Martin Vantage,3,Petrol,3998,8,2.0,Manual,73.0,Convertible,3.5,110556,110556,675.0,5000,502.88,6000,https://www.gallery-aaldering.com/wp-content/uploads/2025/02/aston-martin-v12-vantage-roadster-74-2023.jpg,Aston Martin,2022,UK
Audi A4,23,Petrol,1998,4,5.0,Automatic,54.0,Sedan,4.5,47911,55522,320.0,4200,187.74,6000,https://www.leguideauto.ma/contents/cars/pictures/2021/12/large/DFEDH2dWSoHC14WhFbd0k5fvFigxdnyszAmGXLXd.webp,Audi ,2022,Germany
Audi A6,19,Petrol,1984,4,5.0,Automatic,73.0,Sedan,4.5,66656,73322,370.0,4500,241.3,6500,https://cdn-xy.drivek.com/eyJidWNrZXQiOiJkYXRhay1jZG4teHkiLCJrZXkiOiJjb25maWd1cmF0b3ItaW1ncy9jYXJzL2ZyL29yaWdpbmFsL0FVREkvQTYvNDI3MjZfQkVSTElORS00LVBPUlRFUy9hdWRpLWE2LXNlZGFuLWZyb250LXZpZXcuanBnIiwiZWRpdHMiOnsicmVzaXplIjp7IndpZHRoIjoxMDI0LCJoZWlnaHQiOm51bGwsImZpdCI6ImNvdmVyIn19fQ==,Audi ,2022,Germany
Audi Q2,10,Petrol,1984,4,5.0,Automatic,55.0,SUV,4.5,38878,54322,320.0,4180,187.74,6000,https://archive.challenge.ma/wp-content/uploads/2021/06/Audi-Q2-1.jpg-1.jpg,Audi ,2022,Germany
Audi Q5,3,Petrol,1984,4,5.0,Manual,0.0,SUV,4.5,66556,72833,370.0,4300,245.59,6000,https://static.moniteurautomobile.be/imgcontrol/images_tmp/clients/moniteur/c680-d465/content/medias/images/news/43000/500/0/audiq5-10.jpg,Audi ,2023,Germany
Audi Q7,9,Petrol,2995,6,7.0,Automatic,0.0,SUV,4.5,91656,97867,500.0,4500,335.25,6400,"https://hips.hearstapps.com/hmg-prod/images/2025-audi-q7-102-66edd2912544c.jpg?crop=0.616xw:0.461xh;0.206xw,0.404xh&resize=1200:*",Audi ,2024,Germany
Audi RS Q8,9,Petrol,3998,8,5.0,Automatic,85.0,SUV,3.5,241111,241111,800.0,4500,591.39,6000,https://friendscarrental.com/frontend/image/audi-rs-q8-2022-1709630945608.webp,Audi ,2023,Germany
Audi RS7,4,Petrol,3996,6,4.0,Automatic,73.0,Coupe,4.5,248889,248889,800.0,4500,591.0,6250,https://cdn.motor1.com/images/mgl/7ZmbmJ/s1/audi-rs7-by-abt.jpg,Audi ,2022,Germany
Audi e-tron,7,Electric,0,0,5.0,Electric,0.0,Coupe,4.5,112222,132222,664.0,0,300.0,0,https://media.audifrance.fr/wp-content/uploads/2020/03/413252-2000x1499-1.jpg.webp,Audi ,2024,Germany
Audi e-tron GT,1,Electric,0,0,5.0,Electric,0.0,Coupe,4.5,64444,64444,630.0,0,522.99,0,https://img.20mn.fr/o5wYOah9Q4607oISvA3mWCk/1444x920_audi-e-tron-gt-2025-3-versions-jusqu-a-925-ch,Audi ,2022,Germany
BMW 2 Series,9,Diesel,1995,4,5.0,Automatic,51.0,Sedan,4.5,46111,49444,400.0,2500,187.74,4000,https://stimg.cardekho.com/images/carexteriorimages/930x620/BMW/2-Series/10577/1689667139509/front-left-side-47.jpg,BMW,2024,Germany
BMW 3 Series Gran Limousine,3,Petrol,1998,4,5.0,Automatic,59.0,Sedan,4.5,11567,11567,400.0,4400,254.79,5000,https://imgd.aeplcdn.com/1920x1080/n/cw/ec/139177/3-series-gran-limousine-exterior-right-front-three-quarter-3.jpeg?isig=0&q=80&q=80,BMW,2022,Germany
BMW 3 Series Gran Limousine,43,Petrol,1998,4,5.0,Automatic,59.0,Sedan,4.5,52111,76556,400.0,4400,254.79,5000,https://imgd.aeplcdn.com/1920x1080/n/cw/ec/139177/3-series-gran-limousine-exterior-right-front-three-quarter-3.jpeg?isig=0&q=80&q=80,BMW,2022,Germany
BMW 5 Series,6,Diesel,2993,6,5.0,Automatic,0.0,Sedan,4.5,71667,82778,620.0,2500,261.49,4000,https://stimg.cardekho.com/images/carexteriorimages/930x620/BMW/5-Series-2024/10182/1685002609273/front-left-side-47.jpg,BMW,2024,Germany
BMW 7 Series,16,Petrol,2998,6,4.0,Automatic,46.0,Sedan,4.5,157778,195556,450.0,5000,281.6,6000,https://www.topgear.com/sites/default/files/2023/08/P90492179_highRes_bmw-i7-xdrive60-m-sp%20%281%29.jpg,BMW,2024,Germany
BMW 8 Series,3,Petrol,4395,8,4.0,Automatic,68.0,Coupe,4.5,46667,51111,750.0,5600,600.0,6000,https://autohub.ma/wp-content/uploads/2024/07/bmw-serie-8-gran-coupe-11.webp,BMW,2022,Germany
BMW M2,5,Petrol,2979,6,4.0,Automatic,52.0,Coupe,4.5,94444,94444,550.0,5230,410.0,6250,https://www.largus.fr/images/styles/max_1300x1300/public/2022-10/bmw-m2-2022-rouge-avd.jpg?itok=em6w2_9i,BMW,2022,Germany
BMW M4 Competition,11,Petrol,2993,6,5.0,Automatic,0.0,Coupe,4.5,180000,247778,650.0,5500,502.88,6250,"https://hips.hearstapps.com/hmg-prod/images/2025-bmw-m4-coupe-front-three-quarters-motion-65b935ea5dde6.jpg?crop=0.888xw:0.752xh;0.0881xw,0.0865xh&resize=2048:*",BMW,2024,Germany
BMW X1,40,Diesel,1995,4,5.0,Automatic,51.0,SUV,4.5,46111,49444,400.0,2500,187.74,6000,https://www.carandbike.com/_next/image?url=https%3A%2F%2Fimages.carandbike.com%2Fcar-images%2Fcolors%2Fbmw%2Fx1%2Fbmw-x1-black-sapphire-metallic.jpg%3Fv%3D1675059616&w=640&q=75,BMW,2023,Germany
BMW X3,6,Petrol,1998,4,5.0,Automatic,0.0,SUV,4.5,68778,75444,350.0,4800,248.08,5200,https://www.wandaloo.com/files/2024/12/BMW-X3-2025-Neuve-Maroc-20.jpg,BMW,2024,Germany
BMW X5,28,Petrol,2998,6,5.0,Automatic,0.0,SUV,4.5,88778,106556,450.0,5200,335.26,6500,https://mkt-vehicleimages-prd.autotradercdn.ca/photos/chrome/Expanded/White/2025BMS221932820/2025BMS22193282001.jpg,BMW,2024,Germany
BMW X5 M,30,Petrol,4395,8,5.0,Automatic,83.0,SUV,5.0,356667,554444,750.0,5600,616.87,6000,"https://hips.hearstapps.com/hmg-prod/images/p90495464-1677001974.jpg?crop=0.793xw:0.594xh;0.205xw,0.338xh&resize=1200:*",BMW,2024,Germany
BMW X6,4,Petrol,2998,6,5.0,Automatic,83.0,Coupe,4.5,115556,115556,450.0,5200,335.25,6500,https://friendscarrental.com/frontend/image/bmw-x6-2025-1734007737970.jpg,BMW,2024,Germany
BMW X7,15,Diesel,2993,6,7.0,Automatic,80.0,SUV,4.5,131111,197778,760.0,3000,394.26,4400,https://autohub.ma/wp-content/uploads/2024/07/bmw-x7-maroc.png,BMW,2022,Germany
BMW Z4,12,Petrol,2998,6,2.0,Automatic,52.0,Convertible,4.5,79889,94333,500.0,4500,335.0,6500,https://gialanbanh.vn/wp-content/uploads/2024/03/bmw-z4-roadster.jpg,BMW,2022,Germany
BMW i4,8,Electric,0,0,5.0,Electric,0.0,Sedan,4.5,77667,77667,430.0,0,335.25,0,https://cdn.motor1.com/images/mgl/NGeop2/s1/bmw-i4-m50-xdrive-2024.jpg,BMW,2023,Germany
BMW iX,3,Electric,0,0,5.0,Electric,0.0,SUV,4.5,128889,128889,630.0,0,321.84,0,https://www.automobile-propre.com/_next/image/?url=https%3A%2F%2Fcdn.automobile-propre.com%2Fuploads%2F2021%2F03%2FBMW-iX-restye%CC%81.jpg&w=1920&q=75,BMW,2023,Germany
BYD E6,6,Electric,0,0,5.0,Electric,0.0,MUV,4.5,32389,32389,180.0,0,93.87,0,https://imgcdn.oto.com.sg/large/gallery/exterior/27/299/byd-new-e6-electric-front-side-view-862573.jpg,BYD,2022,China
Bentley Bentayga,1,Petrol,3956,8,4.0,Automatic,85.0,SUV,4.0,455556,455556,770.0,4500,542.0,6000,https://image.bilnorge.no/1422735.webp?imageId=1422735&width=960&height=548&format=jpg,Bentley,2024,UK
Bentley Continental,17,Petrol,5998,12,4.0,Automatic,90.0,Convertible,4.5,365556,434444,700.0,1600,562.0,6000,https://cdn.motor1.com/images/mgl/NRmZG/s1/bentley-continental-gt.jpg,Bentley,2022,UK
Bentley Flying Spur,9,Petrol,5950,12,4.0,Automatic,90.0,Sedan,4.5,357778,378889,900.0,4500,626.0,6000,https://www.thecarexpert.co.uk/wp-content/uploads/2021/01/Flying-Spur-Mulliner-1-1920x960.jpg,Bentley,2024,UK
Citroen C3,57,Petrol,1199,3,5.0,Manual,30.0,Hatchback,4.5,6344,8956,190.0,1750,108.62,5500,https://images.manouvellevoiture.com/data/image/c/i/citroen-c3-live-1.jpg?tr=pr-true,Citroen,2023,France
Citroen C5 Aircross,44,Diesel,1997,4,5.0,Automatic,52.5,SUV,4.0,35822,37533,400.0,2000,174.33,3750,https://i0.wp.com/leseco.ma/wp-content/uploads/2022/06/Citroen-le-C5-Aircross.jpg?fit=1200%2C600&ssl=1,Citroen,2022,France
Compass Trailhawk,1,Diesel,1998,4,5.0,Automatic,60.0,SUV,4.5,60556,63222,350.0,2500,170.0,3750,https://stimg.cardekho.com/images/carexteriorimages/930x620/Jeep/Compass-Trailhawk/8777/1646028108759/front-left-side-47.jpg,Unknown,2024,Unknown
Datsun GO,312,Petrol,1198,3,5.0,Automatic,35.0,Hatchback,4.5,4478,7233,104.0,4400,76.43,6000,https://auto.economictimes.indiatimes.com/files/retail_files/go-plus-1503573170-prod-var.jpg,Datsun,2022,Japan
Datsun GO Plus,307,Petrol,1198,3,7.0,Automatic,35.0,MUV,4.5,4733,7778,104.0,4400,76.43,6000,https://stimg.cardekho.com/images/carexteriorimages/930x620/Datsun/Datsun-GO-Plus/6654/front-left-side-47.jpg,Datsun,2023,Japan
Datsun redi-GO,67,Petrol,999,3,5.0,Automatic,28.0,Hatchback,3.5,4422,5511,91.0,4250,67.05,5550,https://imgd.aeplcdn.com/1200x900/n/cw/ec/45245/datsun-redi-go-right-front-three-quarter19.jpeg?q=80,Datsun,2024,Japan
Ferrari 812,3,Petrol,6496,8,2.0,Automatic,92.0,Convertible,4.5,638889,638889,718.0,7000,788.52,8500,"https://res.cloudinary.com/dsxfn6o4q/image/upload/c_fill,g_center,h_467,w_624/v1571159765/uljvo0qtiw5ljuwyk1sg.jpg",Ferrari,2022,Italy
Ferrari F8 Tributo,6,Petrol,3902,8,2.0,Automatic,78.0,Coupe,3.5,95333,138889,770.0,3250,710.74,8000,https://friendscarrental.com/frontend/image/ferrari-f8-tributo-1720947766898.webp,Ferrari,2024,Italy
Ferrari Portofino,5,Petrol,3855,8,4.0,Automatic,81.0,Convertible,4.5,388889,388889,760.0,5250,591.79,7500,https://www.autoscout24.be/cms-content-assets/6RCvYBFiZ1zOZJNXufpZtH-134d95556e5a94f911fd6da2114c6ecb-ferrari-portofino-l-01-1100.jpg,Ferrari,2024,Italy
Ferrari Roma,2,Petrol,3855,8,2.0,Automatic,80.0,Coupe,4.5,417778,417778,760.0,5750,611.5,7500,https://upload.wikimedia.org/wikipedia/commons/e/e8/Red_Ferrari_Roma.jpg,Ferrari,2024,Italy
Ferrari SF90 Stradale,8,Petrol,3990,8,2.0,Automatic,68.0,Coupe,4.5,5000,5000,800.0,6000,769.31,7500,https://cdn.motor1.com/images/mgl/xqq24z/s1/novitec-ferrari-sf90-stradale-2022.webp,Ferrari,2023,Italy
Force Gurkha,28,Diesel,2596,4,4.0,Manual,63.0,SUV,4.5,16100,16100,250.0,2400,89.84,3200,https://img.autocarindia.com/model/uploads/modelimages/Force-Gurkha-3-Door-160520241306.jpg?w=750&h=500&q=90&c=1,Force Motors,2022,India
Honda Amaze,85,Diesel,1498,4,5.0,Automatic,35.0,Sedan,4.5,7367,12778,160.0,1750,79.12,3600,https://imgd.aeplcdn.com/1280x720/n/cw/ec/184377/amaze-exterior-right-front-three-quarter-3.jpeg?isig=0&q=80,Honda,2023,Japan
Honda City,162,Diesel,1498,4,5.0,Manual,40.0,Sedan,4.5,12856,17244,200.0,1750,97.89,3600,https://tokioveiculos.com.br/imagem/1639488217.38_tokio-veiculos.jpg,Honda,2023,Japan
Honda City 4th Generation,1067,Petrol,1497,4,5.0,Manual,40.0,Sedan,4.5,10556,11111,145.0,4600,117.6,6600,https://imgd.aeplcdn.com/1056x594/n/9p7ubsa_1460625.jpg?q=80,Honda,2024,Japan
Honda City Hybrid,1,Petrol,1498,4,5.0,Automatic,40.0,Sedan,4.5,90556,90556,127.0,5000,96.55,6400,https://www.motorbeam.com/wp-content/uploads/Honda-City-Hybrid-Launch.jpg,Honda,2023,Japan
Honda Jazz,41,Petrol,1199,4,5.0,Automatic,40.0,Hatchback,4.5,8900,11467,110.0,4800,88.5,6000,https://www.honda-mideast.com/fr-ma/-/media/honda/jazz-2024-morocco/images/highlights/highlights-largeimage1.png,Honda,2023,Japan
Honda WR-V,81,Diesel,1498,4,5.0,Manual,40.0,SUV,4.5,10122,13678,200.0,1750,97.89,3600,https://imgd.aeplcdn.com/1920x1080/n/cw/ec/134113/new-wr-v-exterior-left-front-three-quarter-2.jpeg?isig=0&q=80&q=80,Honda,2022,Japan
Hyundai Alcazar,207,Diesel,1493,4,7.0,Automatic,50.0,SUV,4.0,17656,22500,250.0,2750,113.42,4000,https://imgd.aeplcdn.com/664x374/n/cw/ec/157825/alcazar-facelift-exterior-right-front-three-quarter-10.jpeg?isig=0&q=80,Hyundai,2024,South Korea
Hyundai Aura,261,Petrol,998,3,5.0,Manual,37.0,Sedan,4.5,6767,9856,172.0,4000,98.63,6000,https://cdn.wheel-size.com/automobile/body/hyundai-aura-2023-2024-1694881222.2060971.jpg,Hyundai,2024,South Korea
Hyundai Creta,731,Diesel,1493,4,5.0,Automatic,50.0,SUV,4.5,11600,20200,250.0,2750,113.45,4000,https://bazamcar.com/wp-content/uploads/2015/04/location-hyundai-creta-temara-rabat.jpg,Hyundai,2023,South Korea
Hyundai Kona Electric,40,Electric,0,0,5.0,Electric,0.0,SUV,4.5,26489,26700,395.0,0,134.1,0,https://imperialsociety.in/wp-content/uploads/2021/08/8.png,Hyundai,2024,South Korea
Hyundai Santro,532,CNG,1086,4,5.0,Manual,60.0,Hatchback,4.5,5444,7133,85.3,4501,59.17,5500,https://akm-img-a-in.tosshub.com/businesstoday/images/story/202205/santro-sixteen_nine.jpeg,Hyundai,2024,South Korea
Hyundai Tucson,8,Diesel,1997,4,5.0,Automatic,54.0,SUV,4.5,30778,38378,416.0,2750,183.72,4000,https://www.lodj.ma/photo/art/grande/76845964-55395260.jpg?v=1700599532,Hyundai,2024,South Korea
Hyundai Venue,36,Petrol,998,3,5.0,Automatic,45.0,SUV,4.5,8367,14133,172.0,4000,118.41,6000,https://catalogue.automobile.tn/big/2024/02/46927.jpg?t=1744790934,Hyundai,2022,South Korea
Hyundai Verna,234,Diesel,1493,4,5.0,Automatic,45.0,Sedan,4.5,10456,17167,250.0,2750,113.45,4000,https://cdn.wheel-size.com/automobile/body/hyundai-verna-2020-2023-1741241594.599433.jpg,Hyundai,2024,South Korea
Hyundai Xcent Prime,8,CNG,1197,4,5.0,Manual,65.0,Sedan,4.5,133333,137778,97.96,4200,65.39,5600,https://upload.wikimedia.org/wikipedia/commons/thumb/f/f6/Hyundai_Grand_i10_1.0_GL_Sedan_2017_%2833541605345%29.jpg/1200px-Hyundai_Grand_i10_1.0_GL_Sedan_2017_%2833541605345%29.jpg,Hyundai,2023,South Korea
Hyundai i20,432,Petrol,998,3,5.0,Automatic,37.0,Hatchback,3.5,7811,12822,171.62,4000,118.36,6000,https://www.hyundai.com/content/dam/hyundai/ma/fr/images/test/highlights544x360.jpg,Hyundai,2022,South Korea
Isuzu D-Max,8,Diesel,1898,4,5.0,Automatic,0.0,SUV,4.5,14444,30000,360.0,2500,160.92,3600,https://cdn.wheel-size.com/automobile/body/isuzu-d-max-2023-2025-1714723228.9885058.jpg,Isuzu,2022,Japan
Isuzu MU-X,2,Diesel,1898,4,7.0,Automatic,55.0,SUV,4.5,38889,42111,360.0,2500,160.92,3600,https://stimg.cardekho.com/images/carexteriorimages/930x620/Isuzu/MU-X/9889/1681734066714/front-left-side-47.jpg,Isuzu,2023,Japan
Jaguar F-Pace,5,Petrol,4999,8,5.0,Automatic,82.0,SUV,4.5,83200,173333,700.0,5000,543.11,6500,https://i.gaw.to/content/photos/44/20/442044-jaguar-f-pace-2021-de-gros-changements-a-l-interieur-et-sous-le-capot.jpeg?1024x640,Jaguar,2022,UK
Jaguar F-TYPE,4,Petrol,5000,8,2.0,Automatic,70.0,Coupe,4.5,109033,170000,580.0,500,443.8,6000,https://www.leguideauto.ma/contents/cars/pictures/2021/12/large/DcoQdELpammTX5Cr4AjXvgkWqAyzipMxBUwx9KiW.webp,Jaguar,2023,UK
Jaguar I-Pace,6,Electric,0,0,5.0,Electric,0.0,SUV,4.5,784444,848889,696.0,0,394.26,0,https://groupe-grim.com/jaguar-land-rover/wp-content/uploads/2021/11/nouvelle-jaguar-i-pace-2021.jpg,Jaguar,2024,UK
Jaguar XE,22,Petrol,1997,4,5.0,Automatic,61.7,Sedan,4.5,51822,53889,365.0,4000,246.74,5500,https://media.cdn-jaguarlandrover.com/api/v2/images/64722/w/1000.jpg,Jaguar,2024,UK
Jaguar XF,31,Diesel,1997,4,5.0,Automatic,0.0,Sedan,4.5,79556,84444,430.0,2500,201.15,4250,"https://hips.hearstapps.com/hmg-prod/images/2024-jaguar-xf-p300-r-dynamic-101-64e8cdd02fc9a.jpg?crop=0.775xw:0.658xh;0.0879xw,0.203xh&resize=2048:*",Jaguar,2024,UK
Jeep Meridian,78,Diesel,1956,4,7.0,Automatic,60.0,SUV,4.5,17944,23056,350.0,2500,167.67,3750,https://imgd.aeplcdn.com/664x374/n/cw/ec/47139/meridian-exterior-right-front-three-quarter-11.jpeg?isig=0&q=80,Jeep,2024,USA
Jeep Wrangler,18,Petrol,1998,4,5.0,Automatic,0.0,SUV,4.5,62611,67056,400.0,3000,268.0,5250,https://d1ducb2okbhmxx.cloudfront.net/catalog/product/cache/54b31fb065306593c364f8dcec4420b3/2/0/2024-custom-jeep-wrangler-jlu-rubicon-392-black-pf-3.jpg,Jeep,2024,USA
Kia EV6,15,Electric,0,0,5.0,Electric,0.0,SUV,4.5,66611,72167,605.0,0,320.55,0,https://ev-database.org/img/auto/Kia_EV6_2024/Kia_EV6_2024-01.jpg,Kia,2024,South Korea
Kia Seltos,2171,Diesel,1493,4,5.0,Automatic,50.0,SUV,4.5,11656,20722,250.0,2750,113.43,4000,https://mauto.ma/images/kia-seltos-2024.jpg,Kia,2024,South Korea
Kia Sonet,523,Diesel,1493,4,5.0,Automatic,45.0,SUV,4.0,8322,15322,250.0,2750,113.43,4000,https://f2.hespress.com/wp-content/uploads/2022/06/Kia-Sonet.jpg,Kia,2023,South Korea
Lamborghini Aventador,52,Petrol,6498,12,2.0,Automatic,90.0,Coupe,4.5,694444,1000000,720.0,6750,759.01,8500,"https://res.cloudinary.com/unix-center/image/upload/c_limit,dpr_3.0,f_auto,fl_progressive,g_center,h_580,q_75,w_906/kxxsmpxaopxf5gzec22w.jpg",Lamborghini,2023,Italy
Lamborghini Huracan EVO,5,Petrol,5204,10,2.0,Automatic,80.0,Coupe,4.5,44444,44444,565.0,6500,630.28,8000,"https://res.cloudinary.com/unix-center/image/upload/c_limit,dpr_3.0,f_auto,fl_progressive,g_center,h_240,q_auto:good,w_385/penend4bfq6go3arnfsm.jpg",Lamborghini,2022,Italy
Lamborghini Urus,33,Petrol,3996,8,5.0,Automatic,75.0,SUV,4.5,350000,381111,850.0,4500,641.0,6000,https://images.caradisiac.com/logos-ref/modele/modele--lamborghini-urus/S0-modele--lamborghini-urus.jpg,Lamborghini,2022,Italy
Land Rover Defender,13,Petrol,4997,4,7.0,Automatic,89.0,SUV,4.5,89689,243333,650.0,2500,296.36,4000,https://media.cdn-jaguarlandrover.com/api/v2/images/105274/w/1600.jpg,Land Rover,2024,UK
Land Rover Discovery Sport,6,Petrol,1997,4,7.0,Automatic,70.0,SUV,4.5,72556,79322,365.0,4500,245.4,5500,https://media.cdn-jaguarlandrover.com/api/v2/images/96413/w/1600/h/650.jpg,Land Rover,2024,UK
Land Rover Range Rover,17,Petrol,4367,8,7.0,Automatic,90.0,SUV,4.5,265556,463333,700.0,3000,345.98,4000,https://i0.wp.com/leseco.ma/wp-content/uploads/2021/11/Land-Rover.jpg?fit=1200%2C600&ssl=1,Land Rover,2022,UK
Land Rover Range Rover Sport,7,Diesel,2997,6,5.0,Automatic,0.0,SUV,4.5,182222,204444,700.0,3000,345.98,4000,https://media.cdn-jaguarlandrover.com/api/v2/images/104491/w/1600.jpg,Land Rover,2022,UK
Land Rover Range Rover Velar,35,Petrol,1997,4,5.0,Automatic,82.0,SUV,4.5,99344,99344,365.0,4000,246.74,5500,"https://images.dealer.com/ddc/vehicles/2025/Land%20Rover/Range%20Rover%20Velar/SUV/color/Arroios%20Gray%20Metallic-1FU-140,143,144-640-en_US.jpg",Land Rover,2022,UK
Lexus ES,31,Petrol,2487,4,5.0,Automatic,65.0,Sedan,4.5,66111,72889,202.0,5200,214.56,5700,https://autohub.ma/wp-content/uploads/2024/11/lexus-es-2025.jpg,Lexus,2023,Japan
Lexus LC 500h,1,Petrol,3456,6,4.0,Automatic,82.0,Coupe,4.5,250000,278889,350.0,5100,295.02,6600,https://upload.wikimedia.org/wikipedia/commons/thumb/8/89/2023_Lexus_LC500_in_Atomic_Silver%2C_front_left.jpg/1200px-2023_Lexus_LC500_in_Atomic_Silver%2C_front_left.jpg,Lexus,2023,Japan
Lexus LS,3,Petrol,3456,6,4.0,Automatic,82.0,Sedan,4.5,212222,246667,350.0,5100,354.0,6600,"https://hips.hearstapps.com/hmg-prod/images/2025-lexus-ls-500-f-sport-awd-101-67e30ab19aa60.jpg?crop=0.620xw:0.524xh;0.280xw,0.389xh&resize=1200:*",Lexus,2024,Japan
Lexus LX,1,Petrol,5663,8,8.0,Automatic,93.0,SUV,5.0,96667,96667,530.0,3200,362.0,5600,https://s3.amazonaws.com/lexus.site.lexus/tci-prod/lexus/media/content/catalogue/lx/2025/gallery/lexus-2025-lx-700h-executive-vip-atomic-silver-tile-s.jpg?ck=03012025080056,Lexus,2022,Japan
Lexus NX,1,Petrol,2487,4,5.0,Automatic,55.0,SUV,4.0,72111,79556,239.0,4500,187.74,6000,https://i.gaw.to/content/photos/31/51/315178_2018_Lexus_NX.jpg,Lexus,2023,Japan
Lexus RX,5,Petrol,3456,6,5.0,Automatic,65.0,SUV,5.0,8067,8067,335.0,4600,258.81,6000,https://media.ed.edmunds-media.com/lexus/rx/2025/oem/2025_lexus_rx_4dr-suv_350-f-sport-handling_fq_oem_1_1600.jpg,Lexus,2024,Japan
MG Astor,101,Petrol,1349,3,5.0,Automatic,45.0,SUV,4.5,11356,20144,220.0,3600,138.08,5600,https://imgd.aeplcdn.com/1056x594/n/itqp3ab_1672821.jpg?q=80,MG,2022,UK
MG Gloster,74,Diesel,1996,4,7.0,Automatic,75.0,SUV,4.5,35000,43889,480.0,2400,215.01,4000,https://imgd-ct.aeplcdn.com/664x415/n/u0hepdb_1746159.jpg?q=80,MG,2022,UK
MG Hector,200,Diesel,1956,4,5.0,Manual,60.0,SUV,4.0,15722,22344,350.0,2500,167.68,3750,https://images.91wheels.com/assets/b_images/main/models/profile/profile1701839792.jpg?width=420&q=60?w=420&q=60,MG,2023,UK
MG Hector Plus,2,Diesel,1956,4,7.0,Manual,60.0,SUV,4.5,17944,23056,350.0,2500,167.67,3750,https://imgd.aeplcdn.com/1200x900/n/cw/ec/139315/hector-plus-exterior-right-front-three-quarter-2.jpeg?isig=0&q=80,MG,2023,UK
MG ZS EV,14,Electric,0,0,5.0,Electric,0.0,SUV,4.5,24444,28756,280.0,0,173.83,0,https://luniverselle.be/wp-content/uploads/2022/06/Diamond_Red-1024x649.jpg,MG,2023,UK
Mahindra Alturas G4,122,Diesel,2157,4,7.0,Automatic,70.0,SUV,4.5,35422,35422,420.0,2600,178.49,3800,https://imgd.aeplcdn.com/664x374/n/cw/ec/33266/alturas-g4-exterior-right-front-three-quarter-2.jpeg?q=80,Mahindra,2022,India
Mahindra Bolero,107,Diesel,1498,3,7.0,Manual,60.0,SUV,4.5,10367,11400,210.0,2200,74.96,3600,https://imgd.aeplcdn.com/1056x594/n/1rfnjva_1604317.jpg?q=80,Mahindra,2023,India
Mahindra Bolero Camper,88,Diesel,2523,4,5.0,Manual,57.0,Pickup Truck,4.5,33322,39433,200.0,2200,75.09,3200,https://encrypted-tbn0.gstatic.com/images?q=tbn:ANd9GcQ-_WbCf9xir5gee99Za1f1OVQU3BrITbW2LFovMNcnJqEvh2zvmICRZnYFt2O-pWNLams&usqp=CAU,Mahindra,2023,India
Mahindra Bolero Neo,97,Diesel,1493,3,7.0,Manual,50.0,SUV,4.5,10033,13033,260.0,2250,100.0,3750,https://stimg.cardekho.com/images/carexteriorimages/930x620/Mahindra/Bolero-Neo/10766/1740039860326/front-left-side-47.jpg,Mahindra,2022,India
Mahindra Bolero PikUp ExtraLong,5,Diesel,2523,4,2.0,Manual,60.0,Pickup Truck,4.5,258889,258889,200.0,2200,75.09,3200,https://images.jdmagicbox.com/quickquotes/images_main/mahindra-bolero-pik-up-extra-long-fb-1-7t-bs6-white-271052458-hiblp.png,Mahindra,2022,India
Mahindra E Verito,14,Electric,0,0,5.0,Electric,0.0,Sedan,4.0,10144,10511,91.0,3000,41.57,3500,https://stimg.cardekho.com/images/carexteriorimages/930x620/Mahindra/E-Verito/3526/1603712637421/front-left-side-47.jpg,Mahindra,2024,India
Mahindra KUV 100 NXT,226,Petrol,1198,3,6.0,Manual,35.0,Hatchback,4.5,6867,8711,115.0,3600,82.0,5500,https://www.leguideauto.ma/contents/cars/pictures/2021/12/large/jwRQR21d19oT4Fykn2l4qr7IAI6NS3iufbXqtJDO.webp,Mahindra,2024,India
Mahindra Marazzo,321,Diesel,1497,4,8.0,Manual,45.0,MUV,4.5,14633,17156,300.0,2500,120.96,3500,https://imgd-ct.aeplcdn.com/664x415/n/cw/ec/49114/marazzo-exterior-right-front-three-quarter-5.jpeg?isig=0&q=80,Mahindra,2023,India
Mahindra Scorpio Classic,14,Diesel,2184,4,7.0,Manual,60.0,SUV,4.5,13322,17211,300.0,2800,130.07,3750,https://imgd.aeplcdn.com/664x374/n/cw/ec/128413/scorpio-exterior-right-front-three-quarter-47.jpeg?isig=0&q=80,Mahindra,2022,India
Mahindra Scorpio-N,107,Diesel,2198,4,7.0,Automatic,57.0,SUV,4.5,13322,26556,400.0,2750,172.45,3500,https://cdn.wheel-size.com/automobile/body/mahindra-scorpio-n-2022-2023-1656918476.3884194.jpg,Mahindra,2023,India
Mahindra Thar,242,Diesel,2184,4,4.0,Automatic,57.0,SUV,4.5,15033,17811,300.0,2800,130.0,3750,https://images.hindustantimes.com/auto/img/2024/08/17/1600x900/Mahindra_Thar_Roxx_01_1723863061883_1723888572288.jpg,Mahindra,2024,India
Mahindra XUV300,2245,Diesel,1497,4,5.0,Automatic,42.0,SUV,4.5,9344,15633,300.0,2500,115.0,3750,https://www.mahindramaroc.ma/media/uploads/car/img/photo_color/227_EVEREST-WHITE_f6f6f6.jpg,Mahindra,2024,India
Mahindra XUV700,313,Diesel,2198,4,7.0,Automatic,60.0,SUV,4.5,14644,27311,450.0,2800,182.38,3500,https://cdn.wheel-size.com/automobile/body/mahindra-xuv700-2021-2023-1656916747.0430338.jpg,Mahindra,2024,India
Maruti Alto 800,437,CNG,796,3,5.0,Manual,60.0,Hatchback,4.5,3767,5589,60.0,3500,40.36,6000,https://img.gaadibazaar.in/new-vehicle-images/1452707/conversions/6472fa55-f295-46af-8267-d912d5b309b2-vdp.webp,Suzuki,2024,India
Maruti Alto 800 tour,4,Petrol,796,3,5.0,Manual,35.0,Hatchback,4.5,4344,4411,69.0,3500,47.33,6000,"data:image/jpeg;base64,/9j/4AAQSkZJRgABAQAAAQABAAD/2wCEAAkGBxMSEhUSExIWFhUXFxYVFhgVGBcdFxgaGRUWFxUXFxUYICggGholGxcYITEhJSkrLi4vFx81ODUtNygtLisBCgoKDg0OFQ8PFSsZFRktListKystLS0rLS0tNy03NzIsLSsrKysrKys3Ky0rODgtKys0NSsrLS0rKystLTItOP/AABEIAL8BCAMBIgACEQEDEQH/xAAcAAEAAgMBAQEAAAAAAAAAAAAABgcDBAUCAQj/xABJEAACAQIDAwkEBgcFCAMBAAABAgADEQQSIQUxQQYTIlFhcYGRoQcyscEzQlJictEUQ4KSsuHwI0RTosIVFhckg9Li8XOTswj/xAAWAQEBAQAAAAAAAAAAAAAAAAAAAQL/xAAcEQEBAQACAwEAAAAAAAAAAAAAEQECIUFRYRL/2gAMAwEAAhEDEQA/ALxiIgIiICIiAiIgIiICIiAiIgIiICIiAiIgIiICIiAiIgIiICIiAiIgIiICIiAiIgIiICIiAiIgIiICIiAiIgIiICInzMOuB9iecw6xPuYdcD7E+Xn2AiIgIiICIiAiIgIiICIiAiIgIiICIiAiIgIia2Px9OiuZ2t1Die4QNmaeI2pSS96i6Gx1GhtexJOhsRp2yCcouXB1VNOoDee+QjFYvE1iSz5B5mazj7Z3ktzE8scKn65fAM3wE5mI9omFUE5n7xTa3qBKvfDKfeZm72PwvORj6StVFNAAAt3NhpcjLqd385ZhdWrU9qmD4c8e5fzaY6ntVw/+HWP7NP5vK0XYtAXvWax3nMvppNJthoSclRtCLHongDw7YmF1aH/ABWw4/U1/BaX/fH/ABXw3GliP3KZ+Dyq6mx6wuVrA962/OcnGGrTYq51GvAix43tEwuruHtWwm62IDHRV5k3Y8FWxNyTYDvknTE1Moeq2Qta1NRcgkXyk72b8IHHfa8r/wBmvJTmEXaGKUmqw/5akQLqG3PlO52G6/urqba2+8uOWbUC1GiQa5FqlQaimD+rp9vWfn7uVTbaPKFKP01ZKV9wqVBmPcg1PgZx39oeCX+9X/DSrH5SkqlR3YszFmY3JJJJPaTvm1hdnVLg82SPDdx4ywq/NkcpUxFI1qNXPTBZScrixX3gVYXv4T7gOWtCp9HiqD9gqJfyNjIJ7K62T9LofZenWA7HXIf/AM/WQ3bux8mLrUAoIWoct7WytZkGv3WEQr9EUtsA71Nusaj0vN2hi0f3WBn5qoYDE0taZdP/AI6hHoCBJJyb5aYjD1UTGMWpOwQVHAFSmx0UsQBnp30N9RvvJCr4ic/Z2Kvof67J0JFIiICIiAiIgIiICIiAiIgIkc5acpv0GmmSkataqxWnTF9SN+7XiBYdc4VPlLi+ZLYk0kdvq0gbUx9nOSc79ZGg3C++WJUm27ygSgCBYv6L3/lKt2zt+pXc5WudxY7h3TV2jtFq7EA2UHXrPHzmhVxKILFlUdpHzmsyM6y00C6726zv/lDPNF9p0/tjwMwDaoN7IxA3kSjoO3E7pG8TUJps31qzHwQa7+r3fKdLHYkNSIU6sQm7UZjYkjuvOPtqoQ6Kt7KoXTt6RH9dUg62xKAWkDxYlvkPQTU5R1jZUBIvcm3UNAPU+U6WDAFNOxRfyuZHNrYsVKlx7oGUdtidfWFaC1GRgysQRrvPr1iWH7P+TQx1dsbXX/laTDKp3Vai7l7UXeeBOn2hItyW5Pvj8QtBDlUdKtU4U04nqzHcB19gMuTaeLoYaiKKjJh6KC6j7AuAvazkG/X0usSaY1eV/KM0kzr9K4Ioj7CnQ1bdZ4eH3hKupYMsbnUm5JPHibzc23tt6tQ1GQljqTrYDgi9ijS/E3nOO3Qv6tifxW+RjB6GAnU2BQyuV4H+h/XbNrk+P0ilzhABzEWB7rX8516Wz8pBGkqPfJNOa2mV4VcM3nTenb+Np2OUWzFaqtTKMxQXNtbrpv7reU1Ep5Mfs9/t87TP7VF3+KCSXlFRPNrY2Idgbfeu0jSKfoU5XKfZHOYarYdJVLr3r0h8J3/0dvtt5mdShhQ6C4vcWPwMqMPsz2/z9BUY9NEVl6zTNh5oTl7issmhUzC8oT2Vo4xVKkp1pVMRTqfgVXBv2ZinkJeGFbKf63TOtN+IiQIiICIiAiJ5dwBcmwgeomjWx9vdHifymo9dm3nT+uqB1mqgbyP67Jr1toIpsSb9QBvNHnFGgE8ivbcLdwtAjfKPB43FV1qpSRVpXFEZ3VmzWztVcJoug/s10PEndI3tLkbtWv71Wko4ANe3qJYxrHrnkuZakVFU9l+PYsoxYW1ieiQrEj6rF+l8phPsfxXHEIfIeglw5zPSgnebd8EU2fZFixuq0/En5GeP+E2PHu1aHm4/OXTmUdZPkPzmli8TTTWo4UfecKPiAfGCKZxPsz2mu+rhx/1Wv5FJpN7NNqcMjX6nPzSXpRxKZQyMgU6gi2vcFmOrtJfvN6D5n1gijB7ONrLe1Lyel8yJkwPs52pUfK1MIt9WepRIH7hZvSXM+0WO4KPC58zMT4hzvYwRr7H2HSwGHWhSN2PSqvpmdus9g4Dh5yuPaTjny0aeYKKjVKrnWxy5Qi6X4MB3qJZoWaNTZdOpcPTVsrEDMoNr2YWvu0K+UKpjAUa2IdkWsQALjKHYam5HQ3b7+M6VHkHXfeax7qVvV3Et/B4IIMqqFHUBb4TfSiYRXnJrknXwqsEosxe12q1UG69gFW9t5nfXY2MbhQTvd2PookrWkZ7AA3kRSI3R5OYhq2Hq1a1G1B84WnTe7dBkILM/U54b7SQbRwRrI1PnGp9JWzIFJ3Wt0wRwPCQ+py5qJiWpGguRKrUyQWL5Q5XMLaa77dsmpxlIH6Rdx4jst8TA5dPkmn1sRiG/bVf4FEzpyVww3io34q1Y+ma03/8AaVL/ABBPh2rR+36N+UVXjZmx8PhyxoUEps3vMo6Td7HUzoAtIdyr2zjA9MYFWZbMXIVNGuuUHnOFr7pLtn1manTd1yuaYZl6myrmGnC5MDNW2maOTOpKM2QsN63F1Yj7OhB7xOtIhykqYgUagHNnokoQp95ekoa7HeRa2m+SLYeKNXDUKp3vSpue9kDH4zPlrcz85rdiIlZIiICcDbWL1p62DVAB1W3XJ7SROjtrGLRos7NlF1W/VnYLew6r38JWfL/aaVUdKdYMSMgVPdIJF7m2lhfjLgntrz7zZn52p7IPDTum7hOT1RmVQ7akDQ2OptoSQL95EsSr7NI9RnzJKd29yZek4XD1q4svTzVDqeB0IKsRvQgWI475x6uDxybsTiB3Vqo+DSQXzafLSgTj9op/e8T/APdV+Znd5O/p+IR6tbG1xSB5sDnXBZt5N76KN3aTbhG9Lnay9s8o8LhPpqyqfsjV+zojUd5sJFK/tAq1gf0PCOyj9ZVsE+IB8GbunJPJnDnMKtAMLNmqJXYlXsCpUnRgbm972ynrE6fJfDquDyVBmp5nFHnN7Ui5KlgNLW1G7eJc7TXNq47H1vpsVzY+zRB8swyA+KmdDZWyqKAl89VyNAWCtmB1DZFDHTXfwmJcDhqer1qy8bKaYA13C6T3s6mXqithnbmxoKrlSS31iMvRJB3WFrjXqNRtbO2XzeJdlugC5XQMSocm4XpE6gan8Q7Z2wJhw9EIoVdw6zcknUkk6kk3JPEmZlmdXHsDsh2I3JfxtPSTdpgWhXLOIq8KXnczCK+IztZQOivDtfXXu9JnrCvzy5QnM26RN89+yZqjqjksd6rYDecrNf8Aikzau8ZPrWC4g/Wt+78plXA1jvqnzaeX2p9lQO/WYm2lU+1buAlRtrscnfUY+f5zKNiUx7zHxInLbGOd7t5meOchHcGDw6ixI8SPlPNOnhgRfKfe1AcaZhlHeBpfjacUPPpfUdx+UCQCphR9UHwb5zNRxmHG5QP2ZHA8yK0KlwcEXWxHZungNr4flI7hcSyG4PeOB75lxu2gLtmFNRYFmIHXfU6D+UCSUnVrIdeBFj3HumxsOorYeiVAC82lgNwsoFvC1vCRvY23wbNzi1Kd/eUg28V3902fZvjecwe++R2XwNnH8cglMREBERArP2mcq6Cs2G51c1KzuuYXL2BVbdim/wC12SqKnKKo2rm5NrAWA+qSgNrhrHTNodNZk9oKX2nje2sf4VEjdVbqt95Wx1O64ABvw0PR1G+xBuJUdenyge1ywBAudFGuS9mBW69LTj38ZlpcqH+1cXF9F0GQEsBYZxe+7gB1yNVSbb+FhfXSwsNeFtLHsmGnUtpr+Xd9n/1FEyo8r6gA1XcupU5bk9IadLQZjcjW3aJtf74P9YIdWFspzEKLggBiDc6DUSDisb+Xjw1PH/1MibtwtZtOH8paJl/vMjaMlj0dACWu19Mqljpp5ief9oqr2p1HpuWK/wBnUdSxXfoMtxInfq093s/zb7zNhzlYEWFmO4hRqDpmO/TTzgSnE7QxDg5sRVcEFemxbQ7x07+U0cZtjEMAGr1TbQWYj+G05uF2lURSoykdRBt1aXN/WYqldm1yr/m/7oHytVLbyT3kn4za2LtmthXz0mtf3kOqP+JevtGomjmvwsfSfQsqLj5OcoKWLS69Fx79M7x2j7S9vnadOviMug3+glI4PFPScVKbFXXUEf1qOydzlLy7ZqK06AKVWH9qw+pwIQ9Z334Dt3ZipjtjlNhqBtWrgN9kXZh3qoNvG0x7K5WYWswWlXGfgDmUnuzAX8JSbIxuSCTvJsfMmY4H6cwm1BYhxdhutx7+qc/E1S1QEnerfFLCQL2f8qDW/wCWrG9RRdGO9wN4P3gPn1Sbu3SHc3xWB9Yz5mnwzxeBkzT7mmK89AwMmaM2vhFOkx3Anum5h9lVCTcAbhqey+7fxgYFaZUM6CbJUas/lu8zMGIq0FFkuzd+g8ePhA16+ICKzMbKASSdwAFyfKUXys2/WxtUsQ4pKTzaEGyj7TcMx4nwli+0PaBFFaCmzVmsfwLYv4XyjuJkUwwe2SivRXedBc9pO89kCP8AJ/b9XCF+bPRqKVdeBBFr26xfSX17C6+bDVxwFUW8aa/ICUJtvCZSHC5bkqy9Tb/Uay9v/wCfaJGBrORo1YAdoWlT+ZPlCrRiIkCIiB+ZeX/R2pir7jWPwWaOIwy3Q5dNATplvzi3H3RlYEtbiLXN5NfaNsdauKrhdKgqZr9eZVNj4WkKw9XIearZlysrA9RU3FxuI3+d+FjpDC7HWoui3sgdtcthlFyQx132v3dk8VuSmXfTqrw7jdRa9tDd1FvvDrm5QXogJUUggKcr2FhYjNmtcXAPeB1ToJtDFXJzMSCGucj3IOYML36V9b77gQI63Jq1vpBfddd54WFhczH/ALFsdKnmv85JKO166ZKpBsjZlzoRZhTFJSVAB6KqLX6u03w43aJZaaMFXIMq2AFzd3Y23XbNc2+yOqBFsJhGcOVvZAcxC30GgJ1sBv69xm3T2TUJspDEsFDKA1MnKG3no9luu09bGUZLZSWLoTlDNUAL3BCHo62A6WnhJPQyUF5yqbVSWJvYWuTY5FOUG1hpA4tXYZQXb3iSSL3t1XPXNSvQCb5tbR5QZrimO9m3+AnFeqW1JvA9sQTPN57w9EsdATMVY2JEDzWrWBM8bOwmbpHd8TMNXUgTuYHCF2Wim82W/VxY+AufCB8p4kL0VHgBNXaGGSsCygCoNdNM3YR19stPB8lqdOkwZnp2QOCBTCsxJGR6jsP7TQGxsLMLHfaKcqNjmi7aqWSxzJ7roRcEeGvZYiWIr7ZuMNCqlVd6MG8jqPEXHjL3WoDlI3EG3iLyitqUwKhtubpee/1ly7Jq2o0Cf8NL/uCZV2KVBnNlF5t09kNxYD1P5eswJt5EXKtM+J3nrmGpyhc+6ijzMDrU9lIN5J9Pzm0mFprrkA7W/npIo+2qrmwqeC2B9NZ4NKq2pWoe1gw9WgSmttSkmmcHsTX4aTnVdvG5yLbdq2voJx1wzcSi97r/AKLn0noUlG+oP2VZv4ssDYq4p395ifh5bp8QzWOMoA2zsT1BkH+WxPrMG1Ns08OnOPRqqlwM/N1ytzuGYjJcwIfyuxfOYxtdKSKn7TdNvQgeEnWzqFLB4FQ+GFR2TO4Y0+nmCu2ViC683a2g1zcd61SK5qGo7b3dnP7RvbuG6WJT2fUx1WmKV05qsalQkubobX6IJXKbcbWseBIlEW5U7NarlWhTZ2q25tQLuSCCBYcbMbns6pf/ACE2B+gYGjhiQXVb1CNxdjme3WATYdgEguAwirtTAU1+q2IY9yUcp/zEy2ZNMIiJFIiIFd+0fkhXq1BjcI39plCVaVrhwt8rjX3gNNNSLW3a0ftWpVrPmc5wPdCWyDuAJv4z9aSDcofZdgK6u1OlzNUqchpmyZrHKTT3WvvtaWo/N9en0t5TsI7B+XrMlN2y6VGBF9AdOybm08HVpM1Ml0emxV1zHQg2Ok5hxNTiQe9FPnpeBlO1K6Ho1D8fWZqfKDFAfTHzImt+kHitM9wYfAidrkpycxG0Xenh6Ck01DOS7KoubKMxv0jrYfdPVA0DyixR31WN9DZ56wYWsenUZW4Are/cb28JJsR7Ldpr/ci34K9A+jWnPrcg8empwOIHcKbeqtFGAbPoDe9Q9ygfEmZ6OHpD3aLN+Ik+i2mpiMJi00ajiV3D3WHYPrWHwmjjmqIctQVb9puPMEiUSvAbSFI9JUROIsBp8TIjtCsGd2AsGYkDqF9PSaqux3IZ6FF2ubAAC++B9wQvU7vlJvyIZUetXZWbmkFlRczEs31V4no+shmzU1v3/KSrkzWYLXCEByqML6jolhcgfjEYakHKbG0KDU8M9N+bysUPSshv74Zj0rEm410AE9jZ7hFpVNQC6rx0YAkA9QIJ/bM2NncnqePy1yc+S4Iz6K+bUZM31goNxvsRvE3ds4kUw53ihTc6bi50UX4m+k0imMVhzUqUkHvPZfMj85boemqgMSAoAFio0AtxB4Sr6bhWRgOkhNj3raxmartBmN7+Wg8hMqsaptLDrvA/adv9JAmq/KKiNy0+/IhPm9zK75yA0Cy8Nt/PocSlMfeNW37tNCJ1sJQwj61Nq0h2LTYH96oflKhUmZFLdZgXtg9jbKPvY8VO+vTQf5AD6zuYLYWy/qpQqdrOKn8TGfnJA/WZmWnUkhX6mwuEpJ9HTRfwKo+E4ntD2ScXs7E0FF3NPOg63pkVEHiUA8Z+fKK111U27jadfA1tqH6F8QfwPV/0mIVDsG8sPkviUZhVXEDDstPJVLVgmYCwBAtdtACQOPVpI8/IXabuXTBVSWOY3supNybuRO1gfZXtOpbNTp0evPVXx+jzSiZ+zRRisdXxig8xQpjC0C29ixD1G7DYA/8AU7JaM4PI3YTYLDJhyUst/cU6km5YsdSSeNp3pnVIiICCZ8InH2vsPnxbnHHcxgdCvj6Se/URe9gJzMRyuwab8Qh/Dr8JEcdyAqjVHVu/Q+c4WM5G4pf1RP4SDNTE7e/aHiNl43+0WpUp4gC3OJTurgbhUUkX7CCCO0aSoMXQIYgAsOsDQ+B1lg4vk/WX3qbjvUzl1dlHqiIhOU3sQQOMmOxOWVXCUhRww5pL5ja2ZmO9mY7z+Uw1Nknqms+yT1RB1cR7QMY2+vU8G/KczEcp6r+9Uc97MfiZrvss9UxNs09UA21mPGa9bHFt+syNs49U8HZ7dUDBz/ZPLVzM52e3VPJwTDgYV6wtMcJ0tj4/mKwci41Vh1qdCLHf1203TlorLwMPiF4m3fpAsbZ+xwzmpQI5grqyV1RQG1INwHUjiGAOuk43LHbFMqMNQYMtw1R191mHuqn3B66eMWwqvVOWkrVCOFNS7a9igmTPk77OsbWIZsOyX41ehbtKt0vSWohYwpMzJgSeEuLB+yh/r10H4VJ9SRO5hPZlhl993fxAHoLzKqJp7MM2qOyCTYC57J+hsJyOwVPdh0Pa92/inYw+Ep09ERVH3VA+EUj8+YHkVianu4eoe0qQPNrSQYL2X4pveVE/E2vkt5dURSKzwXspA+krjuRPmx+U7uD9nWCT3g7n7zW9FtJfElVzMHyewtL3MPTHblBPmZ0lUDcLd0+xAREQEREBERAREQEREDyUB3iYKuApN71NT3gTZiByK3JnCNvoJ4C3wmlV5D4Nv1ZHcxkkiBEKns8wp3Fx4j5ia1T2a0DuquPBfyk4iKK/f2Y0+FY+KD85jPsvX/HH7n/lLEiWkV4nsvTjX8qf/lOhhvZthF9/M/jb4SZxFIjdLkJgF/u4P4mc/OdDDcnMJT9zC0Qevm1v5kXnUiQeUQAWAAHUN09REBERAREQEREBERAREQEREBERAREQEREBERAREQEREBERAREQEREBERAREQEREBERAREQEREBERAREQEREBERA//Z",Suzuki,2022,India
Maruti Alto K10,51,Petrol,998,3,5.0,Automatic,27.0,Hatchback,4.5,4433,6478,89.0,3500,65.71,5500,https://stimg.cardekho.com/images/carexteriorimages/930x620/Maruti/Alto-K10/10331/1687349000534/front-left-side-47.jpg,Suzuki,2024,India
Maruti Baleno,137,Petrol,1197,4,5.0,Automatic,37.0,Hatchback,4.5,7211,10789,113.0,4400,88.5,6000,https://imgd.aeplcdn.com/642x336/n/cw/ec/102663/baleno-exterior-right-front-three-quarter-69.jpeg?isig=0&q=80,Suzuki,2023,India
Maruti Brezza,86,Petrol,1462,4,5.0,Automatic,48.0,SUV,4.5,8878,15511,136.8,4400,101.65,6000,https://www.motorbeam.com/wp-content/uploads/Maruti-Suzuki-Brezza-Price-1200x900.jpg,Suzuki,2022,India
Maruti Celerio,89,Petrol,998,3,5.0,Automatic,32.0,Hatchback,3.5,5833,7778,89.0,3500,65.71,5500,https://imgd.aeplcdn.com/1056x594/n/ws5hbua_1541093.jpg?q=80,Suzuki,2023,India
Maruti Ciaz,666,Petrol,1462,4,5.0,Automatic,43.0,Sedan,4.5,9989,13311,138.0,4400,103.25,6000,https://media.assettype.com/tnm/import/sites/default/files/Ciaz3x2.jpg?w=1200&h=675&auto=format%2Ccompress&fit=max&enlarge=true,Suzuki,2023,India
Maruti Dzire,245,Petrol,1197,4,5.0,Automatic,37.0,Sedan,4.5,6933,10200,113.0,4400,88.5,6000,https://imgd-ct.aeplcdn.com/664x415/n/cw/ec/170299/dzire-2024-right-front-three-quarter.jpeg?isig=0&q=80,Suzuki,2024,India
Maruti Eeco,264,Petrol,1196,4,7.0,Manual,65.0,Minivan,4.5,5144,6600,85.0,3000,61.68,6000,https://www.autovista.in/assets/img/new_cars_colour_variants/eeco-colour-midnight-black.jpg,Suzuki,2024,India
Maruti Ertiga,110,Petrol,1462,4,7.0,Automatic,45.0,MUV,4.5,9278,14211,136.8,4400,101.65,6000,https://htcms-prod-images.s3.ap-south-1.amazonaws.com/htmobile1/marutisuzuki_ertiga/images/colour_marutisuzuki-ertiga_pearl-metallic-arctic-white_600x400.jpg,Suzuki,2023,India
Maruti Ignis,461,Petrol,1197,4,5.0,Automatic,32.0,Hatchback,4.5,5944,8578,113.0,4200,81.8,6000,https://www.motorbeam.com/wp-content/uploads/Maruti-Ignis-Facelift-1.jpg,Suzuki,2024,India
Maruti S-Cross,77,Petrol,1462,4,5.0,Automatic,48.0,SUV,4.5,9944,14356,138.0,4400,103.25,6000,https://chybmedia.s3.ap-south-1.amazonaws.com/models/cars/s---cross-11-311-6225ec1e0eb2f.png,Suzuki,2024,India
Maruti S-Presso,301,Petrol,998,3,5.0,Automatic,27.0,Hatchback,4.5,4722,6656,89.0,3500,65.71,5500,https://imgd.aeplcdn.com/1056x594/n/2s8d33a_1591331.jpg?q=80,Suzuki,2022,India
Maruti Swift,205,Petrol,1197,4,5.0,Automatic,37.0,Hatchback,4.0,6578,9833,113.0,4400,88.5,6000,https://www.rushlane.com/wp-content/uploads/2024/02/2024-maruti-swift-india-launch-9-may-2024-5.jpg,Suzuki,2022,India
Maruti Swift Dzire Tour,1,CNG,1197,4,5.0,Manual,55.0,Sedan,4.5,150000,285556,95.0,4000,70.4,6000,https://stimg.cardekho.com/images/carexteriorimages/930x620/Maruti/Swift-Dzire-Tour/8863/1717397917382/front-left-side-47.jpg,Suzuki,2024,India
Maruti XL6,58,Petrol,1462,4,6.0,Automatic,45.0,MUV,4.5,12544,16167,136.8,4400,101.65,6000,https://imgd.aeplcdn.com/1056x594/n/zwuqg3a_1573857.jpg?q=80,Suzuki,2024,India
Maserati Ghibli,2,Petrol,3799,8,5.0,Automatic,80.0,Sedan,3.0,127778,214444,450.0,1500,330.0,1500,https://i.gaw.to/content/photos/48/08/480848-meme-l-amour-a-un-prix.jpg,Maserati,2024,Italy
Maserati GranCabrio,2,Diesel,4691,8,4.0,Automatic,75.0,Convertible,4.0,176667,176667,520.0,0,460.0,0,"https://media.autoexpress.co.uk/image/private/s--X-WVjvBW--/f_auto,t_content-image-full-desktop@1/v1732007997/evo/2024/11/Maserati_GranCabrio_Trofeo_review_evo_01_ljyjuw.jpg",Maserati,2024,Italy
Maserati GranTurismo,3,Petrol,4691,8,4.0,Automatic,86.0,Coupe,5.0,446667,446667,520.0,4750,460.0,7000,https://cdn.motor1.com/images/mgl/JOOE9n/s3/maserati-granturismo-folgore.jpg,Maserati,2023,Italy
Maserati Levante,4,Petrol,2979,6,5.0,Automatic,80.0,SUV,3.5,165556,182222,580.0,5750,350.0,5750,https://autohub.ma/wp-content/uploads/2024/07/maserati_levante_1.webp,Maserati,2023,Italy
Maserati Quattroporte,2,Petrol,3799,8,5.0,Automatic,80.0,Sedan,4.5,190000,235556,650.0,4000,530.0,6800,https://cdn.prod.website-files.com/63fe11299d35c575d57a5632/667958febb4a929fe15e2973_(1)1.jpg,Maserati,2024,Italy
Mclaren GT,1,Petrol,3994,8,,Automatic,72.0,Coupe,4.5,500000,500000,630.0,0,611.51,0,https://upload.wikimedia.org/wikipedia/commons/0/08/2022_McLaren_GT.jpg,McLaren,2024,UK
Mercedes-Benz A-Class Limousine,3,Diesel,1950,4,5.0,Automatic,66.0,Sedan,4.5,152222,282222,320.0,3500,147.51,4000,https://imgd.aeplcdn.com/1056x594/n/tl8njbb_1685321.jpg?q=80,Mercedes,2023,Germany
Mercedes-Benz AMG A 35,21,Petrol,1991,4,5.0,Automatic,51.0,Sedan,4.5,22100,22100,400.0,4000,301.73,5800,https://media.fastestlaps.com/mercedes-benz-amg-a-35-sedan.jpg,MG,2024,UK
Mercedes-Benz AMG A 45 S,35,Petrol,1991,4,5.0,Automatic,0.0,Hatchback,4.5,7322,11100,500.0,5250,415.71,6750,https://www.largus.fr/images/images/essai-mercedes-a-45-amg-rouge-2014i.jpg,MG,2023,UK
Mercedes-Benz AMG C 43,1,Petrol,2996,6,5.0,Automatic,0.0,Coupe,4.5,123333,123333,520.0,5000,384.87,6100,https://stimg.cardekho.com/images/carexteriorimages/930x620/Mercedes-Benz/AMG-C43/11277/1698911625529/front-left-side-47.jpg,MG,2024,UK
Mercedes-Benz AMG G 63,8,Petrol,3982,8,5.0,Automatic,0.0,SUV,4.5,283333,283333,850.0,3500,576.63,6000,https://i.gaw.to/vehicles/photos/08/56/085675_2018_mercedesbenz_Classe_G.jpg?640x400,MG,2022,UK
Mercedes-Benz AMG GLC 43,9,Petrol,2996,6,5.0,Automatic,0.0,SUV,4.5,10300,10844,520.0,5000,384.87,6100,https://www.motortrend.com/uploads/sites/5/2020/06/2020-Mercedes-AMG-GLC-43-34.jpg,MG,2024,UK
Mercedes-Benz AMG GLE 53,1,Petrol,2999,6,5.0,Automatic,85.0,Coupe,4.5,333333,388889,520.0,5800,435.0,6100,https://www.naplesillustrated.com/wp-content/uploads/sites/82/2023/10/Mercedes-AMG-GLE-53-Coupeedes-AMG-GLE-53-Coupe-parked-at-Nantahala-Lake-1024x694.jpg,MG,2024,UK
Mercedes-Benz AMG GLE 63 S,2,Petrol,3982,8,5.0,Automatic,0.0,SUV,4.5,238889,238889,850.0,5000,603.46,6500,https://vehicle-images.dealerinspire.com/cbe2-110012062/4JGFB8KB2RB205768/2b112d94c0728ec340be43ae9285825b.jpg,MG,2023,UK
Mercedes-Benz AMG GT,16,Petrol,3982,8,2.0,Automatic,75.0,Coupe,4.5,301111,301111,700.0,5500,576.63,6250,https://cdn-datak.motork.net/configurator-imgs/cars/fr/800/MERCEDES/AMG-GT/43063_COUPE-3-PORTES/mercedes-benz-amg-gt-coupe-front-view.jpg,MG,2024,UK
Mercedes-Benz C-Class,11,Diesel,1993,4,5.0,Automatic,0.0,Sedan,4.5,61111,67778,550.0,2200,261.49,4200,https://vehicle-images.dealerinspire.com/0239-11001113/W1KAF4GB9SR239777/55f59f66cd1b7bc95d64556813398760.jpg,Mercedes,2024,Germany
Mercedes-Benz CLS,60,Diesel,1950,4,5.0,Automatic,66.0,Coupe,4.5,9833,10133,500.0,2400,241.3,4200,https://wieck-mbusa-production.s3.amazonaws.com/photos/aea3a1025cd0d6abed5f3017a2b2c449d4f9c033/preview-928x522.jpg,Mercedes,2022,Germany
Mercedes-Benz E-Class,8,Diesel,2925,6,5.0,Automatic,0.0,Sedan,4.5,74444,94444,600.0,3200,281.61,4600,https://www.mercedes-benz.ca/content/dam/mb-nafta/ca/myco/my25/e-class/sedan/class-page/series/MBCAN-2025-E-SEDAN-CT-2-7-01-DR.jpg,Mercedes,2024,Germany
Mercedes-Benz EQC,1,Electric,0,0,5.0,Automatic,0.0,SUV,4.5,91633,91633,760.0,0,402.3,0,https://img.20mn.fr/SZFU5HuvQwy_rHT500jiwyk/1444x920_mercedes,Mercedes,2022,Germany
Mercedes-Benz EQS,2,Electric,0,0,5.0,Electric,0.0,Sedan,5.0,282222,282222,1020.0,0,750.97,0,"https://www.mercedes-benz.ch/content/dam/hq/passengercars/cars/eqs/eqs-v297-pi/overview/exterior-highlights/02-2024/images/mercedes-benz-eqs-v297-exterior-hotspot-start-3302x1858-02-2024.jpg/1740019606249.jpg?im=Crop,rect=(0,0,3302,1857);Resize=(1850)",Mercedes,2022,Germany
Mercedes-Benz G-Class,12,Diesel,2925,6,5.0,Automatic,100.0,SUV,4.5,191111,191111,600.0,3200,281.61,4600,https://mkt-vehicleimages-prd.autotradercdn.ca/photos/chrome/Expanded/White/2024MBSA80001/2024MBSA8000101.jpg,Mercedes,2023,Germany
Mercedes-Benz GLA,12,Diesel,1950,4,5.0,Automatic,0.0,SUV,4.5,49889,54333,400.0,2600,187.74,3800,https://www.mbusa.com/content/dam/mb-nafta/us/myco/my25/gla-class/gallery/series/gallery-class/2025-GLA-SUV-GAL-008-E-FE-DR.jpg,Mercedes,2023,Germany
Mercedes-Benz GLC,38,Diesel,1950,4,5.0,Automatic,66.0,SUV,4.5,68889,75556,400.0,2800,194.0,3800,https://vehicle-images.dealerinspire.com/f47b-210005944/W1NKM4HB6SF310513/ff8059d72bf3c714e5e88562793defae.jpg,Mercedes,2023,Germany
Mercedes-Benz GLC Coupe,5,Diesel,1950,4,5.0,Automatic,66.0,Coupe,5.0,34800,34800,500.0,2400,241.38,4200,https://i.gaw.to/content/photos/56/52/565245-le-mercedes-benz-glc-coupe-2024-suit-les-traces-de-son-frere.jpeg,Mercedes,2022,Germany
Mercedes-Benz GLE,2,Diesel,2925,6,5.0,Automatic,93.0,SUV,4.5,160000,160000,700.0,4000,325.8,4200,https://vehicle-images.dealerinspire.com/cbe2-110012062/4JGFB8KB2RB205768/2b112d94c0728ec340be43ae9285825b.jpg,Mercedes,2024,Germany
Mercedes-Benz GLS,10,Petrol,3982,8,7.0,Automatic,90.0,SUV,4.5,128889,274444,730.0,4500,549.81,6500,https://autohub.ma/wp-content/uploads/2024/07/mercedes-gls-maroc.webp,Mercedes,2022,Germany
Mercedes-Benz Maybach S-Class,7,Petrol,5980,12,4.0,Automatic,0.0,Sedan,4.5,277778,355556,900.0,4000,603.46,5500,"https://static.toiimg.com/thumb/msid-79305644,width-1280,height-720,resizemode-4/79305644.jpg",Mercedes,2024,Germany
Mercedes-Benz S-Class,12,Petrol,2999,6,5.0,Automatic,0.0,Sedan,4.5,177778,187778,500.0,4500,362.07,6100,https://stimg.cardekho.com/images/carexteriorimages/930x620/Mercedes-Benz/S-Class/10853/1690451611932/front-left-side-47.jpg,Mercedes,2022,Germany
Mercedes-Benz V-Class,8,Diesel,2143,4,7.0,Automatic,57.0,MUV,4.5,79000,162222,380.0,2400,161.0,3800,https://www.topgear.com/sites/default/files/2024/11/Mercedes_VClass__0002.jpg,Mercedes,2022,Germany
Mini Cooper 3 DOOR,15,Petrol,1998,4,4.0,Automatic,44.0,Hatchback,4.5,94111,94111,280.0,1250,189.08,6000,https://stimg.cardekho.com/images/carexteriorimages/930x620/Mini/3-DOOR/10593/1689937052417/front-left-side-47.jpg,Mini Cooper,2022,UK
Mini Cooper Convertible,14,Petrol,1998,4,4.0,Automatic,44.0,Convertible,4.5,57222,57222,280.0,1250,189.08,6000,https://media.ed.edmunds-media.com/mini/convertible/2023/oem/2023_mini_convertible_convertible_cooper-s_fq_oem_1_1600.jpg,Mini Cooper,2023,UK
Mini Cooper Countryman,13,Petrol,1998,4,5.0,Automatic,51.0,SUV,4.5,46667,48889,280.0,1350,189.08,6000,https://marocmobilite.ma/wp-content/uploads/2023/09/mini-countryman-marocmobilite.ma_.jpeg,Mini Cooper,2024,UK
Mini Cooper SE,3,Electric,0,0,4.0,Automatic,0.0,Hatchback,4.5,56556,56556,270.0,1000,181.03,0,https://www.motortrend.com/uploads/2022/11/2023-Mini-Cooper-SE-11.jpg,Mini Cooper,2024,UK
Nissan GT-R,20,Petrol,3798,6,4.0,Automatic,74.0,Coupe,4.5,235556,235556,637.0,5800,562.2,6800,https://www-europe.nissan-cdn.net/content/dam/Nissan/fr/vehicles/GT-R%202016/refonte-2023/header.jpg,Nissan,2022,Japan
Nissan Kicks,257,Petrol,1330,4,5.0,Automatic,50.0,SUV,4.5,10556,16556,254.0,1600,153.87,5500,https://www-europe.nissan-cdn.net/content/dam/Nissan/nissan_middle_east/vehicles/kicks/KICKS-2021/Kicks-Grade-s.jpg,Nissan,2023,Japan
Nissan Magnite,278,Petrol,999,3,5.0,Automatic,40.0,SUV,4.5,6633,11989,152.0,4400,98.63,5000,https://imgd.aeplcdn.com/664x374/n/cw/ec/173325/magnite-facelift-exterior-right-front-three-quarter-2.jpeg?isig=0&q=80,Nissan,2022,Japan
Porsche 911,8,Petrol,2981,6,4.0,Automatic,64.0,Coupe,4.5,192222,348889,450.0,5000,641.0,6500,https://www.leblogauto.com/wp-content/uploads/2018/11/1200-L-los-angeles-2018-porsche-911-carrera-s-et-4s.jpg,Porsche,2023,Germany
Porsche Cayenne,12,Petrol,3996,8,5.0,Automatic,90.0,SUV,4.5,141111,214444,770.0,4500,550.0,6000,https://cdn.motor1.com/images/mgl/y2PgRq/s1/2024-porsche-cayenne.jpg,Porsche,2024,Germany
Porsche Cayenne Coupe,6,Petrol,3996,8,4.0,Automatic,0.0,SUV,3.5,4344,4411,850.0,4500,631.62,6000,https://news-site-za.s3.af-south-1.amazonaws.com/images/2023/01/Porsche-Cayenne_Turbo_GT-2022-1600-10.jpg,Porsche,2024,Germany
Porsche Macan,9,Petrol,2894,6,5.0,Automatic,65.0,SUV,4.5,92456,163333,550.0,5600,434.49,6600,https://images-porsche.imgix.net/-/media/A0BDAE18C393426EAF3D7B7592FFD884_87919E93A7A0464CADD32AC9B8881AC8_MA22T3GOX0003-macan-t-front?w=2560&h=1440&q=45&crop=faces%2Centropy%2Cedges&auto=format,Porsche,2024,Germany
Porsche Panamera,1,Petrol,2894,8,5.0,Automatic,0.0,Wagon,4.5,175556,301111,770.0,4500,680.0,6000,https://i.gaw.to/vehicles/photos/40/35/403580-2024-porsche-panamera.jpg?640x400,Porsche,2024,Germany
Porsche Taycan,8,Electric,0,0,5.0,Electric,0.0,Wagon,4.5,170000,260000,650.0,0,482.76,0,https://autohub.ma/wp-content/uploads/2024/07/porsche-taycan-4.jpg,Porsche,2023,Germany
Renault KWID,545,Petrol,999,3,5.0,Automatic,28.0,Hatchback,4.5,5156,6656,91.0,4250,67.06,5500,https://www.usinenouvelle.com/mediatheque/8/1/6/000284618_896x598_c.jpg,Renault,2023,France
Renault Kiger,228,Petrol,999,3,5.0,Automatic,40.0,SUV,4.5,6656,11800,152.0,4400,98.63,5000,https://akm-img-a-in.tosshub.com/indiatoday/images/story/202204/2022_Renault_Kiger_Metal_Musta.jpg?VersionId=TvH2S8bf80d8BzbooHbQAat1i0GRPMWY,Renault,2023,France
Renault Triber,774,Petrol,999,3,7.0,Automatic,40.0,MUV,4.5,6578,9456,96.0,3500,71.0,6250,https://cdn.wheel-size.com/automobile/body/renault-triber-2019-2024-1680168579.2012718.jpg,Renault,2024,France
Rolls-Royce Dawn,2,Petrol,6598,12,4.0,Automatic,0.0,Convertible,4.0,231111,231111,820.0,5000,563.0,6000,https://www.topgear.com/sites/default/files/cars-car/carousel/2016/07/5crrdawnncbgjuly2016.jpg,Unknown,2024,UK
Rolls-Royce Wraith,6,Petrol,6592,12,4.0,Automatic,83.0,Coupe,4.5,691111,801111,900.0,4500,591.0,5500,https://i.ytimg.com/vi/-V3AgInFu2U/hq720.jpg?sqp=-oaymwEhCK4FEIIDSFryq4qpAxMIARUAAAAAGAElAADIQj0AgKJD&rs=AOn4CLAftAKJ9cYBEYHtXV_Cj1gPSsWc3Q,Unknown,2023,UK
Rolls-Royce Cullinan,15,Petrol,6750,12,5.0,Automatic,0.0,SUV,4.5,772222,772222,850.0,1600,563.0,5000,https://thegoodlife.fr/wp-content/uploads/sites/2/2018/05/suv-rolls-royce-insert-face-noir.jpg,Rolls-Royce,2024,UK
Rolls-Royce Ghost,15,Petrol,6750,12,5.0,Automatic,0.0,Sedan,4.5,772222,883333,820.0,1500,563.0,5250,https://media.ed.edmunds-media.com/rolls-royce/ghost/2025/ot/2025_rolls-royce_ghost_f34_ot_31925_1280.jpg,Rolls-Royce,2024,UK
Skoda Kodiaq,10,Petrol,1984,4,7.0,Automatic,58.0,SUV,4.5,41656,44433,320.0,4100,187.74,6000,https://mauto.ma/_next/image?url=https%3A%2F%2Fcdn.mauto.ma%2Fnewmauto%2Fimages%2Fimages-gallery-cars%2Fskoda-kodiaq-gallery_0.png&w=1080&q=75,Skoda,2022,Czech Republic
Skoda Kushaq,172,Petrol,1498,4,5.0,Automatic,50.0,SUV,4.5,12544,21656,250.0,3500,147.51,6000,https://www.carbike360.com/_next/image?url=https%3A%2F%2Fd2uqhpl0gyo7mc.cloudfront.net%2Fsmall_skoda_kushaq_302ba30fbe.jpg&w=3840&q=75,Skoda,2024,Czech Republic
Skoda Octavia,20,Petrol,1984,4,5.0,Automatic,50.0,Sedan,4.5,29833,33167,320.0,3990,187.74,6000,https://www.steveny.eu/sites/default/files/styles/header_image_new/public/2024-02/skoda_octavia_facelift_2024_3.png.jpg?itok=knHIC2CP,Skoda,2024,Czech Republic
Skoda Slavia,52,Petrol,1498,4,5.0,Automatic,45.0,Sedan,4.5,12211,20433,250.0,3500,147.52,6000,https://images.autox.com/uploads/2023/11/Skoda-Slavia-Elegance-Edition.jpg,Skoda,2023,Czech Republic
Skoda Superb,22,Petrol,1984,4,5.0,Automatic,66.0,Sedan,4.5,37211,40656,320.0,4200,187.74,6000,https://www.leguideauto.ma/contents/cars/pictures/2022/05/large/g4UXfFoykTmsIu0FEOae8kQaEMrbMxzEqVBTM4MB.webp,Skoda,2022,Czech Republic
Strom Motors R3,2,Electric,0,0,2.0,Electric,0.0,Hatchback,3.5,240000,244444,90.0,0,20.11,0,https://stimg.cardekho.com/images/carexteriorimages/930x620/Strom-Motors/R3/8412/1615967980998/front-left-side-47.jpg,Strom Motors,2022,India
Tata Altroz,1025,Diesel,1497,4,5.0,Manual,37.0,Hatchback,4.5,7000,11389,200.0,3000,88.77,4000,https://img.gaadicdn.com/images/car-images/large/Tata/Altroz/10707/1706785701598/223_Arcade-Grey_323333.jpg,Tata,2022,India
Tata Harrier,2392,Diesel,1956,4,5.0,Automatic,50.0,SUV,4.5,16333,24667,350.0,2500,167.67,3750,"https://static.toiimg.com/thumb/msid-104216915,width-1280,height-720,resizemode-4/104216915.jpg",Tata,2023,India
Tata Nexon,568,Diesel,1497,4,5.0,Automatic,44.0,SUV,4.5,8444,15644,260.0,2750,108.49,4000,https://delen.s3.ap-southeast-1.amazonaws.com/tata_nexon_facelift_bc773d7cd6.jpg,Tata,2022,India
Tata Nexon EV Max,1,Electric,0,0,5.0,Electric,0.0,SUV,5.0,5144,6478,250.0,0,141.04,0,https://stimg.cardekho.com/images/carexteriorimages/630x420/Tata/Nexon-EV-Max/9149/1675688560729/front-left-side-47.jpg,Tata,2023,India
Tata Punch,381,Petrol,1199,3,5.0,Automatic,37.0,SUV,4.5,6589,10544,113.0,3400,84.48,6000,https://imgd-ct.aeplcdn.com/664x415/n/1otjpeb_1773385.jpg?q=80,Tata,2023,India
Tata Tiago,435,CNG,1199,3,5.0,Manual,60.0,Hatchback,4.5,6000,8689,95.0,3500,72.0,6000,https://img.gaadicdn.com/images/car-images/large/Tata/Tiago/10655/1738151372122/225_Daytona-Grey_414141.jpg,Tata,2024,India
Tata Tiago NRG,12,Petrol,1199,3,5.0,Automatic,35.0,Hatchback,4.5,7133,8200,113.0,3300,84.48,6000,https://cdn.wheel-size.com/automobile/body/tata-tiago-nrg-2021-2023-1656312775.3651354.jpg,Tata,2024,India
Tata Tigor,136,CNG,1199,3,5.0,Manual,60.0,Sedan,4.5,6667,9544,95.0,3500,72.4,6000,https://imgd-ct.aeplcdn.com/664x415/n/ssadv9b_1808221.jpg?q=80,Tata,2023,India
Tata Yodha Pickup,4,Diesel,2956,4,4.0,Manual,45.0,Pickup Truck,4.5,7722,8333,250.0,2000,85.0,3000,https://5.imimg.com/data5/SELLER/Default/2023/12/370000879/OF/DF/PO/45431778/tata-yodha-pickup-truck-payload-1200-kg.png,Tata,2022,India
Toyota Camry,6,Petrol,2498,4,5.0,Automatic,0.0,Sedan,4.5,49278,49278,221.0,5200,175.67,5700,https://images.dealer.com/ddc/vehicles/2025/Toyota/Camry/Sedan/trim_LE_4b85cc/color/Ocean%20Gem-795-5%2C96%2C114-640-en_US.jpg?impolicy=downsize_bkpt&imdensity=1&w=520,Toyota,2023,Japan
Toyota Fortuner,99,Diesel,2755,4,7.0,Automatic,80.0,SUV,4.5,36000,55078,500.0,2800,201.15,3400,https://cdn.wheel-size.com/automobile/body/toyota-fortuner-2020-2025-1711539970.3800611.jpg,Toyota,2022,Japan
Toyota Glanza,23,Petrol,1197,4,5.0,Automatic,37.0,Hatchback,4.5,33222,41056,113.0,4400,88.5,6000,https://imgd.aeplcdn.com/664x374/n/cw/ec/112839/glanza-exterior-right-front-three-quarter-5.jpeg?isig=0&q=80,Toyota,2024,Japan
Toyota Hilux,13,Diesel,2755,4,5.0,Automatic,80.0,Pickup Truck,4.5,37767,40889,500.0,2800,201.15,3400,https://www.utilicare.eu/wp-content/uploads/2024/02/toyota-hilux-dimensions-et-charge-utile-1024x581.jpeg,Toyota,2022,Japan
Toyota Innova Crysta,91,Diesel,2393,4,8.0,Automatic,55.0,MUV,4.5,19844,29489,360.0,2600,148.0,3400,https://imgd.aeplcdn.com/642x336/n/cw/ec/140809/innova-crysta-exterior-right-front-three-quarter-2.png?isig=0&q=80,Toyota,2024,Japan
Toyota Vellfire,13,Petrol,2494,4,7.0,Automatic,58.0,MUV,4.5,102889,102889,198.0,4000,115.32,4700,https://imgd.aeplcdn.com/664x374/n/cw/ec/154483/vellfire-exterior-right-front-three-quarter-2.jpeg?isig=0&q=80,Toyota,2024,Japan
Volkswagen Taigun,68,Petrol,1498,4,5.0,Automatic,50.0,SUV,4.5,12667,20667,250.0,3500,147.51,6000,https://img.autocarpro.in/autocarpro/bd8017ab-ccd1-4640-b7d8-06130e3963bf_BLACK-TAIGUN.jpg,Volkswagen,2024,Germany
Volkswagen Tiguan,5,Petrol,1984,4,5.0,Automatic,60.0,SUV,4.5,36433,36444,320.0,4100,187.74,6000,https://services.netwheels.fi/UudetAutotMat/atk/prod/original/10/577/4869bbe5-6fc2-4bbe-b4b1-bc292ff4ef7a.jpg,Volkswagen,2022,Germany
Volkswagen Vento,94,Petrol,999,3,5.0,Automatic,55.0,Sedan,4.5,11111,16044,175.0,4000,108.62,5500,https://imgd.aeplcdn.com/1920x1080/cw/ec/26563/Volkswagen-Vento-Right-Front-Three-Quarter-169094.jpg?wm=0&q=80&q=80,Volkswagen,2023,Germany
Volkswagen Virtus,69,Petrol,1498,4,5.0,Automatic,45.0,Sedan,4.5,12467,19911,250.0,3500,147.51,6000,https://www.financialexpress.com/wp-content/uploads/2024/10/Volkswagen-Virtus-GT-Line.jpg,Volkswagen,2022,Germany
Volvo S60,7,Petrol,1969,4,5.0,Automatic,0.0,Sedan,4.5,51000,51000,300.0,0,190.0,0,https://upload.wikimedia.org/wikipedia/commons/thumb/f/fa/2019_Volvo_S60_R-Design_Edition_T5_Automatic_2.0_Front.jpg/1200px-2019_Volvo_S60_R-Design_Edition_T5_Automatic_2.0_Front.jpg,Volvo,2023,Sweden
Volvo S90,8,Petrol,1969,4,5.0,Automatic,60.0,Sedan,4.5,73222,73222,350.0,0,246.58,0,"https://hips.hearstapps.com/hmg-prod/images/2024-volvo-s90-103-66a11cb112494.jpg?crop=0.431xw:0.381xh;0.309xw,0.554xh&resize=1200:*",Volvo,2022,Sweden
Volvo XC40,20,Petrol,1969,4,5.0,Automatic,54.0,SUV,4.5,49444,49444,300.0,0,187.4,0,https://i.gaw.to/vehicles/photos/40/29/402937-2022-volvo-xc40.jpg?640x400,Volvo,2022,Sweden
Volvo XC60,24,Petrol,1998,5,5.0,Automatic,70.0,SUV,4.5,73222,73222,440.0,3000,246.74,4000,https://mauto.ma/_next/image?url=https%3A%2F%2Fcdn.mauto.ma%2Fnewmauto%2Fimages%2Fimages-gallery-cars%2Fvolvo-xc60-gallery_0.png&w=1080&q=75,Volvo,2023,Sweden
Volvo XC90,35,Petrol,1969,4,7.0,Automatic,68.0,SUV,4.5,104333,107389,640.0,1740,400.0,0,https://img.sm360.ca/ir/w770/images/article/groupe-volvo-de-quebec/136641//333142_new_volvo_xc90_studio_still1734752335806.JPG,Volvo,2024,Sweden
